Workbook

Sheet Programação_Semana
A1: Projeto | B1: Descrição do Projeto | C1: Data Programacao | D1: Status Programacao | E1: Tipo Intervencao | F1: Numero PowerON | G1: Equipamentos | H1: Horario Inicio | I1: Horario Fim | J1: Contratada | K1: Localização X (Longitude) | L1: Localização Y (Latitude)
A2: DAC/A.LES.25.00703 | B2: Remoção de Poste | C2: 46167 | D2: Liberado para Execução | E2: FI | F2: 16178484 | G2: 010ET229477 | H2: 46167.583 | I2: 46167.667 | J2: Start Engenharia (Área 8B, 9 e 11) NEC | K2: =_xlfn.XLOOKUP(G:G,Planilha1!A:A,Planilha1!C:C,"NÃO ENCONTRADO") -> -46.4823465930684 | L2: =_xlfn.XLOOKUP(G:G,Planilha1!A:A,Planilha1!D:D,"Não encontrado") -> -23.6797157591265
A3: DMP/A.LES.22.05524 | B3: Reforma de Rede Secundária | C3: 46167 | D3: Liberado para Execução | E3: FI | F3: 16170780 | G3: 352ET073772 | H3: 46167.396 | I3: 46167.521 | J3: Engelmig (Área 11) NEC e UPS | K3: =_xlfn.XLOOKUP(G:G,Planilha1!A:A,Planilha1!C:C,"NÃO ENCONTRADO") -> -46.391169126889 | L3: =_xlfn.XLOOKUP(G:G,Planilha1!A:A,Planilha1!D:D,"Não encontrado") -> -23.5117493826622
A4: DMP/A.LES.21.28198 | B4: Reforma de Rede Secundária | C4: 46167 | D4: Liberado para Execução | E4: OLVR | G4: 352ET032397 | H4: 46167.333 | I4: 46167.688 | J4: Engelmig (Área 11) NEC e UPS | K4: =_xlfn.XLOOKUP(G:G,Planilha1!A:A,Planilha1!C:C,"NÃO ENCONTRADO") -> -46.3900806724785 | L4: =_xlfn.XLOOKUP(G:G,Planilha1!A:A,Planilha1!D:D,"Não encontrado") -> -23.5075472990191
A5: DMP/A.LES.20.06242 | B5: Reforma de Rede Secundária | C5: 46167 | D5: Liberado para Execução | E5: OLVR | G5: 352ET055378 | H5: 46167.333 | I5: 46167.688 | J5: Engelmig (Área 11) NEC e UPS | K5: =_xlfn.XLOOKUP(G:G,Planilha1!A:A,Planilha1!C:C,"NÃO ENCONTRADO") -> -46.3750869907994 | L5: =_xlfn.XLOOKUP(G:G,Planilha1!A:A,Planilha1!D:D,"Não encontrado") -> -23.4927281855108
A6: DMP/A.LES.25.04887 | B6: Reforma de Rede Secundaria RTRI | C6: 46167 | D6: Liberado para Execução | E6: FI | F6: 16171013 | G6: 356ET005108 | H6: 46167.417 | I6: 46167.583 | J6: Engelmig (Área 11) NEC e UPS | K6: =_xlfn.XLOOKUP(G:G,Planilha1!A:A,Planilha1!C:C,"NÃO ENCONTRADO") -> -46.4556245887762 | L6: =_xlfn.XLOOKUP(G:G,Planilha1!A:A,Planilha1!D:D,"Não encontrado") -> -23.5257360598735
A7: DMP/A.LES.24.05583 | B7: Reforma de Rede Secundaria RTRI | C7: 46167 | D7: Liberado para Execução | E7: FI | F7: 16170595 | G7: 015ET003629 | H7: 46167.354 | I7: 46167.458 | J7: Engelmig (Área 11) NEC e UPS | K7: =_xlfn.XLOOKUP(G:G,Planilha1!A:A,Planilha1!C:C,"NÃO ENCONTRADO") -> -46.4230873069374 | L7: =_xlfn.XLOOKUP(G:G,Planilha1!A:A,Planilha1!D:D,"Não encontrado") -> -23.668893776122
A8: DMP/A.LES.24.01909 | B8: Reforma de Rede Secundaria RTRI | C8: 46167 | D8: Liberado para Execução | E8: FI | F8: 16170519 | G8: 010ET034195 | H8: 46167.521 | I8: 46167.646 | J8: Engelmig (Área 11) NEC e UPS | K8: =_xlfn.XLOOKUP(G:G,Planilha1!A:A,Planilha1!C:C,"NÃO ENCONTRADO") -> -46.5257192445865 | L8: =_xlfn.XLOOKUP(G:G,Planilha1!A:A,Planilha1!D:D,"Não encontrado") -> -23.6409274545918
A9: DMP/A.LES.21.28265 | B9: Reforma de Rede Secundária | C9: 46167 | D9: Liberado para Execução | E9: FI | F9: 16170845 | G9: 352ET058518 | H9: 46167.417 | I9: 46167.5 | J9: Engelmig (Área 11) NEC e UPS | K9: =_xlfn.XLOOKUP(G:G,Planilha1!A:A,Planilha1!C:C,"NÃO ENCONTRADO") -> -46.4161027235292 | L9: =_xlfn.XLOOKUP(G:G,Planilha1!A:A,Planilha1!D:D,"Não encontrado") -> -23.4796903172671
A10: DMP/A.LES.21.28225 | B10: Reforma de Rede Secundária | C10: 46167 | D10: Liberado para Execução | E10: OLVR | G10: 356ET161667 | H10: 46167.354 | I10: 46167.688 | J10: Engelmig (Área 11) NEC e UPS | K10: =_xlfn.XLOOKUP(G:G,Planilha1!A:A,Planilha1!C:C,"NÃO ENCONTRADO") -> -46.4725247854146 | L10: =_xlfn.XLOOKUP(G:G,Planilha1!A:A,Planilha1!D:D,"Não encontrado") -> -23.5640482738828
A11: DMP/A.LES.22.01002 | B11: Reforma de Rede Secundária | C11: 46167 | D11: Liberado para Execução | E11: OLVR | G11: 356ET029453 | H11: 46167.354 | I11: 46167.688 | J11: Engelmig (Área 11) NEC e UPS | K11: =_xlfn.XLOOKUP(G:G,Planilha1!A:A,Planilha1!C:C,"NÃO ENCONTRADO") -> -46.4230355151535 | L11: =_xlfn.XLOOKUP(G:G,Planilha1!A:A,Planilha1!D:D,"Não encontrado") -> -23.6153712025164
A12: DMP/A.LES.22.07454 | B12: Reforma de Rede Secundária | C12: 46167 | D12: Liberado para Execução | E12: OLVR | G12: ET-160966 | H12: 46167.354 | I12: 46167.688 | J12: Engelmig (Área 11) NEC e UPS | K12: =_xlfn.XLOOKUP(G:G,Planilha1!A:A,Planilha1!C:C,"NÃO ENCONTRADO") -> NÃO ENCONTRADO | L12: =_xlfn.XLOOKUP(G:G,Planilha1!A:A,Planilha1!D:D,"Não encontrado") -> Não encontrado
A13: DAC/A.LES.25.00838 | B13: Alteração de Carga | C13: 46167 | D13: Liberado para Execução | E13: FI | F13: 16178993 | G13: 015ET221067 | H13: 46167.583 | I13: 46167.708 | J13: Start Engenharia (Área 8B, 9 e 11) NEC | K13: =_xlfn.XLOOKUP(G:G,Planilha1!A:A,Planilha1!C:C,"NÃO ENCONTRADO") -> -46.4489672817882 | L13: =_xlfn.XLOOKUP(G:G,Planilha1!A:A,Planilha1!D:D,"Não encontrado") -> -23.6757998794377
A14: DAC/A.ABC.26.00021 | B14: Ligação Nova | C14: 46167 | D14: Liberado para Execução | E14: FI | F14: 16170590 | G14: 020ET088807 | H14: 46167.417 | I14: 46167.542 | J14: Start Engenharia (Área 8B, 9 e 11) NEC | K14: =_xlfn.XLOOKUP(G:G,Planilha1!A:A,Planilha1!C:C,"NÃO ENCONTRADO") -> -46.4161784263815 | L14: =_xlfn.XLOOKUP(G:G,Planilha1!A:A,Planilha1!D:D,"Não encontrado") -> -23.7693276933029
A15: DAC/A.LES.25.00715 | B15: Ligação Provisória | C15: 46167 | D15: Liberado para Execução | E15: FI | F15: 16179061 | G15: 356ET006973 | H15: 46167.375 | I15: 46167.542 | J15: Start Engenharia (Área 8B, 9 e 11) NEC | K15: =_xlfn.XLOOKUP(G:G,Planilha1!A:A,Planilha1!C:C,"NÃO ENCONTRADO") -> -46.4436093478508 | L15: =_xlfn.XLOOKUP(G:G,Planilha1!A:A,Planilha1!D:D,"Não encontrado") -> -23.5411914142455
A16: DAC/A.LES.25.00958 | B16: Ligação Nova | C16: 46167 | D16: Liberado para Execução | E16: FI | F16: 16179570 | G16: 356ET167647 | H16: 46167.417 | I16: 46167.583 | J16: Start Engenharia (Área 8B, 9 e 11) NEC | K16: =_xlfn.XLOOKUP(G:G,Planilha1!A:A,Planilha1!C:C,"NÃO ENCONTRADO") -> -46.4056122617708 | L16: =_xlfn.XLOOKUP(G:G,Planilha1!A:A,Planilha1!D:D,"Não encontrado") -> -23.5335561977065
A17: DAC/A.LES.26.00406 | B17: Ligação Nova | C17: 46167 | D17: Liberado para Execução | E17: FI | F17: 16178764 | G17: 020BF025865 | H17: 46167.417 | I17: 46167.583 | J17: Start Engenharia (Área 8B, 9 e 11) NEC | K17: =_xlfn.XLOOKUP(G:G,Planilha1!A:A,Planilha1!C:C,"NÃO ENCONTRADO") -> -46.3818843904952 | L17: =_xlfn.XLOOKUP(G:G,Planilha1!A:A,Planilha1!D:D,"Não encontrado") -> -23.689443554704
A18: DAC/A.LES.25.00981 | B18: Ligação Nova | C18: 46167 | D18: Liberado para Execução | E18: OLVR | G18: 010ET220725 | H18: 46167.417 | I18: 46167.583 | J18: Start Engenharia (Área 8B, 9 e 11) NEC | K18: =_xlfn.XLOOKUP(G:G,Planilha1!A:A,Planilha1!C:C,"NÃO ENCONTRADO") -> -46.5096866792029 | L18: =_xlfn.XLOOKUP(G:G,Planilha1!A:A,Planilha1!D:D,"Não encontrado") -> -23.7134068983585
A19: DAC/A.LES.25.01249 | B19: Ligação Nova | C19: 46167 | D19: Liberado para Execução | E19: FI | F19: 16187207 | G19: 352BF058580 | H19: 46167.417 | I19: 46167.583 | J19: Conecta Obras Extras (Área 8B, 9 e 11) NEC | K19: =_xlfn.XLOOKUP(G:G,Planilha1!A:A,Planilha1!C:C,"NÃO ENCONTRADO") -> -46.5132523033948 | L19: =_xlfn.XLOOKUP(G:G,Planilha1!A:A,Planilha1!D:D,"Não encontrado") -> -23.515192787827
A20: DAC/A.LES.25.01283 | B20: Ligação Nova | C20: 46167 | D20: Liberado para Execução | E20: FI | F20: 16187207 | G20: 352BF058580 | H20: 46167.417 | I20: 46167.583 | J20: Conecta Obras Extras (Área 8B, 9 e 11) NEC | K20: =_xlfn.XLOOKUP(G:G,Planilha1!A:A,Planilha1!C:C,"NÃO ENCONTRADO") -> -46.5132523033948 | L20: =_xlfn.XLOOKUP(G:G,Planilha1!A:A,Planilha1!D:D,"Não encontrado") -> -23.515192787827
A21: DMP/A.LES.26.02101 | B21: Substituição de Poste em Mau Estado | C21: 46168 | D21: Liberado para Execução | E21: FI | F21: 16188286 | G21: 355ET060608 | H21: 46168.417 | I21: 46168.583 | J21: Start Engenharia (Área 8B, 9 e 11) NEC | K21: =_xlfn.XLOOKUP(G:G,Planilha1!A:A,Planilha1!C:C,"NÃO ENCONTRADO") -> NÃO ENCONTRADO | L21: =_xlfn.XLOOKUP(G:G,Planilha1!A:A,Planilha1!D:D,"Não encontrado") -> Não encontrado
A22: DMP/A.LES.24.04962 | B22: Rede Compacta | C22: 46168 | D22: Liberado para Execução | E22: PIE | F22: 16251645 | G22: ET-066015 | H22: 46168.417 | I22: 46168.583 | J22: ZZOUT-Start Área 8B+11 (Contrato Antigo) | K22: =_xlfn.XLOOKUP(G:G,Planilha1!A:A,Planilha1!C:C,"NÃO ENCONTRADO") -> NÃO ENCONTRADO | L22: =_xlfn.XLOOKUP(G:G,Planilha1!A:A,Planilha1!D:D,"Não encontrado") -> Não encontrado
A23: DMP/A.LES.24.04961 | B23: Rede Compacta | C23: 46168 | D23: Liberado para Execução | E23: PIE | F23: 16251645 | G23: 353ET013232 | H23: 46168.417 | I23: 46168.583 | J23: Start Engenharia (Área 8B, 9 e 11) NEC | K23: =_xlfn.XLOOKUP(G:G,Planilha1!A:A,Planilha1!C:C,"NÃO ENCONTRADO") -> -46.5318243574902 | L23: =_xlfn.XLOOKUP(G:G,Planilha1!A:A,Planilha1!D:D,"Não encontrado") -> -23.5581110442241
A24: DMP/A.LES.24.04905 | B24: Rede Compacta | C24: 46168 | D24: Liberado para Execução | E24: PIE | F24: 16251645 | G24: 353ET006123 | H24: 46168.417 | I24: 46168.583 | J24: ZZOUT-Start Área 8B+11 (Contrato Antigo) | K24: =_xlfn.XLOOKUP(G:G,Planilha1!A:A,Planilha1!C:C,"NÃO ENCONTRADO") -> -46.5306276021219 | L24: =_xlfn.XLOOKUP(G:G,Planilha1!A:A,Planilha1!D:D,"Não encontrado") -> -23.5585209900397
A25: DMP/A.LES.25.02498 | B25: Reforma de Rede Secundaria RTRI | C25: 46168 | D25: Liberado para Execução | E25: FI | F25: 16184866 | G25: 010ET081182 | H25: 46168.417 | I25: 46168.583 | J25: Engelmig (Área 11) NEC e UPS | K25: =_xlfn.XLOOKUP(G:G,Planilha1!A:A,Planilha1!C:C,"NÃO ENCONTRADO") -> -46.5106669955678 | L25: =_xlfn.XLOOKUP(G:G,Planilha1!A:A,Planilha1!D:D,"Não encontrado") -> -23.6941926239155
A26: DMP/A.LES.22.07332 | B26: Reforma de Rede Secundária | C26: 46168 | D26: Liberado para Execução | E26: OLVR | G26: 356ET162686 | H26: 46168.333 | I26: 46168.667 | J26: Engelmig (Área 11) NEC e UPS | K26: =_xlfn.XLOOKUP(G:G,Planilha1!A:A,Planilha1!C:C,"NÃO ENCONTRADO") -> -46.4577169031599 | L26: =_xlfn.XLOOKUP(G:G,Planilha1!A:A,Planilha1!D:D,"Não encontrado") -> -23.522278707595
A27: DAC/A.LES.25.01255 | B27: Ligação Nova | C27: 46168 | D27: Liberado para Execução | E27: FI | F27: 16188047 | G27: 352ET163092 | H27: 46168.417 | I27: 46168.583 | J27: Conecta Obras Extras (Área 8B, 9 e 11) NEC | K27: =_xlfn.XLOOKUP(G:G,Planilha1!A:A,Planilha1!C:C,"NÃO ENCONTRADO") -> -46.5026428419241 | L27: =_xlfn.XLOOKUP(G:G,Planilha1!A:A,Planilha1!D:D,"Não encontrado") -> -23.4883001454713
A28: DAC/A.LES.25.01179 | B28: Ligação Nova | C28: 46168 | D28: Liberado para Execução | E28: FI | F28: 16188047 | G28: 352ET163092 | H28: 46168.417 | I28: 46168.583 | J28: Conecta Obras Extras (Área 8B, 9 e 11) NEC | K28: =_xlfn.XLOOKUP(G:G,Planilha1!A:A,Planilha1!C:C,"NÃO ENCONTRADO") -> -46.5026428419241 | L28: =_xlfn.XLOOKUP(G:G,Planilha1!A:A,Planilha1!D:D,"Não encontrado") -> -23.4883001454713
A29: DAC/A.LES.25.01112 | B29: Remoção de Poste | C29: 46168 | D29: Liberado para Execução | E29: FI | F29: 16188104 | G29: 353ET037967 | H29: 46168.417 | I29: 46168.583 | J29: Conecta Obras Extras (Área 8B, 9 e 11) NEC | K29: =_xlfn.XLOOKUP(G:G,Planilha1!A:A,Planilha1!C:C,"NÃO ENCONTRADO") -> -46.5119907620277 | L29: =_xlfn.XLOOKUP(G:G,Planilha1!A:A,Planilha1!D:D,"Não encontrado") -> -23.5661528272021
A30: DAC/A.LES.26.00201 | B30: Alteração de Carga | C30: 46168 | D30: Liberado para Execução | E30: OLVR | G30: 356ET063360 | H30: 46168.083 | I30: 46168.229 | J30: Start Engenharia (Área 8B, 9 e 11) NEC | K30: =_xlfn.XLOOKUP(G:G,Planilha1!A:A,Planilha1!C:C,"NÃO ENCONTRADO") -> -46.4486205864702 | L30: =_xlfn.XLOOKUP(G:G,Planilha1!A:A,Planilha1!D:D,"Não encontrado") -> -23.5697423058042
A31: DAC/A.LES.25.00723 | B31: Ligação Nova | C31: 46169 | D31: Liberado para Execução | E31: FI | F31: 16235175 | G31: 356ET052591 | H31: 46169.417 | I31: 46169.542 | J31: Start Engenharia (Área 8B, 9 e 11) NEC | K31: =_xlfn.XLOOKUP(G:G,Planilha1!A:A,Planilha1!C:C,"NÃO ENCONTRADO") -> -46.4194938206928 | L31: =_xlfn.XLOOKUP(G:G,Planilha1!A:A,Planilha1!D:D,"Não encontrado") -> -23.5848048277106
A32: DMP/A.LES.25.04129 | B32: Reforma de Rede Secundaria RTRI | C32: 46169 | D32: Liberado para Execução | E32: FI | F32: 16200998 | G32: 356ET055935 | H32: 46169.396 | I32: 46169.521 | J32: Start Engenharia (Área 8B, 9 e 11) NEC | K32: =_xlfn.XLOOKUP(G:G,Planilha1!A:A,Planilha1!C:C,"NÃO ENCONTRADO") -> -46.4755472362478 | L32: =_xlfn.XLOOKUP(G:G,Planilha1!A:A,Planilha1!D:D,"Não encontrado") -> -23.5728631468264
A33: DMP/A.LES.25.05795 | B33: Reforma de Rede Secundaria RTRI | C33: 46169 | D33: Liberado para Execução | E33: FI | F33: 16201080 | G33: 356ET027458 | H33: 46169.417 | I33: 46169.542 | J33: Start Engenharia (Área 8B, 9 e 11) NEC | K33: =_xlfn.XLOOKUP(G:G,Planilha1!A:A,Planilha1!C:C,"NÃO ENCONTRADO") -> -46.4543680412366 | L33: =_xlfn.XLOOKUP(G:G,Planilha1!A:A,Planilha1!D:D,"Não encontrado") -> -23.6155079738962
A34: DAC/A.LES.25.01193 | B34: Ligação Nova | C34: 46169 | D34: Liberado para Execução | E34: PIE | F34: 16211084 | G34: 353ET010105 | H34: 46169.021 | I34: 46169.188 | J34: Start Engenharia (Área 8B, 9 e 11) NEC | K34: =_xlfn.XLOOKUP(G:G,Planilha1!A:A,Planilha1!C:C,"NÃO ENCONTRADO") -> -46.6049054054894 | L34: =_xlfn.XLOOKUP(G:G,Planilha1!A:A,Planilha1!D:D,"Não encontrado") -> -23.5308054058955
A35: DMP/A.LES.25.02499 | B35: Reforma de Rede Secundaria RTRI | C35: 46169 | D35: Liberado para Execução | E35: FI | F35: 16201701 | G35: 356ET160603 | H35: 46169.438 | I35: 46169.604 | J35: Engelmig (Área 11) NEC e UPS | K35: =_xlfn.XLOOKUP(G:G,Planilha1!A:A,Planilha1!C:C,"NÃO ENCONTRADO") -> -46.4073549484051 | L35: =_xlfn.XLOOKUP(G:G,Planilha1!A:A,Planilha1!D:D,"Não encontrado") -> -23.5271020875168
A36: DAC/A.LES.26.00347 | B36: Alteração de Carga | C36: 46169 | D36: Liberado para Execução | E36: FI | F36: 16212244 | G36: 353ET042932 | H36: 46169.417 | I36: 46169.583 | J36: Start Engenharia (Área 8B, 9 e 11) NEC | K36: =_xlfn.XLOOKUP(G:G,Planilha1!A:A,Planilha1!C:C,"NÃO ENCONTRADO") -> -46.6100057710408 | L36: =_xlfn.XLOOKUP(G:G,Planilha1!A:A,Planilha1!D:D,"Não encontrado") -> -23.5488792205493
A37: DAC/A.LES.26.00199 | B37: Ligação Nova | C37: 46169 | D37: Liberado para Execução | E37: FI | F37: 16200965 | G37: 353ET065828 | H37: 46169.417 | I37: 46169.583 | J37: Start Engenharia (Área 8B, 9 e 11) NEC | K37: =_xlfn.XLOOKUP(G:G,Planilha1!A:A,Planilha1!C:C,"NÃO ENCONTRADO") -> -46.5081271050568 | L37: =_xlfn.XLOOKUP(G:G,Planilha1!A:A,Planilha1!D:D,"Não encontrado") -> -23.5615395765605
A38: DAC/A.LES.25.01238 | B38: Ligação Nova | C38: 46169 | D38: Liberado para Execução | E38: FI | F38: 16188499 | G38: 010ET080957 | H38: 46169.417 | I38: 46169.583 | J38: Start Engenharia (Área 8B, 9 e 11) NEC | K38: =_xlfn.XLOOKUP(G:G,Planilha1!A:A,Planilha1!C:C,"NÃO ENCONTRADO") -> -46.5213543581439 | L38: =_xlfn.XLOOKUP(G:G,Planilha1!A:A,Planilha1!D:D,"Não encontrado") -> -23.6423791058206
A39: DAC/A.LES.26.00622 | B39: Alteração de Carga | C39: 46169 | D39: Liberado para Execução | E39: FI | F39: 16201235 | G39: 356ET161341 | H39: 46169.583 | I39: 46169.708 | J39: Start Engenharia (Área 8B, 9 e 11) NEC | K39: =_xlfn.XLOOKUP(G:G,Planilha1!A:A,Planilha1!C:C,"NÃO ENCONTRADO") -> -46.4712207533643 | L39: =_xlfn.XLOOKUP(G:G,Planilha1!A:A,Planilha1!D:D,"Não encontrado") -> -23.5930672760876
A40: DAC/A.LES.26.00082 | B40: Ligação Nova | C40: 46169 | D40: Liberado para Execução | E40: FI | F40: 16205972 | G40: 353ET006176 | H40: 46169.417 | I40: 46169.583 | J40: Start Engenharia (Área 8B, 9 e 11) NEC | K40: =_xlfn.XLOOKUP(G:G,Planilha1!A:A,Planilha1!C:C,"NÃO ENCONTRADO") -> -46.5063096920106 | L40: =_xlfn.XLOOKUP(G:G,Planilha1!A:A,Planilha1!D:D,"Não encontrado") -> -23.5321781431308
A41: DAC/A.LES.26.00345 | B41: Ligação Nova | C41: 46169 | D41: Liberado para Execução | E41: FI | F41: 16188581 | G41: 010ET002644 | H41: 46169.417 | I41: 46169.583 | J41: Start Engenharia (Área 8B, 9 e 11) NEC | K41: =_xlfn.XLOOKUP(G:G,Planilha1!A:A,Planilha1!C:C,"NÃO ENCONTRADO") -> -46.5271160052152 | L41: =_xlfn.XLOOKUP(G:G,Planilha1!A:A,Planilha1!D:D,"Não encontrado") -> -23.6404983006778
A42: DAC/A.LES.25.00278 | B42: Remoção de Posto Primário | C42: 46169 | D42: Liberado para Execução | E42: BRA | F42: 16254712 | G42: 353EP001669 | H42: 46169.333 | I42: 46169.708 | J42: Conecta Obras Extras (Área 8B, 9 e 11) NEC | K42: =_xlfn.XLOOKUP(G:G,Planilha1!A:A,Planilha1!C:C,"NÃO ENCONTRADO") -> NÃO ENCONTRADO | L42: =_xlfn.XLOOKUP(G:G,Planilha1!A:A,Planilha1!D:D,"Não encontrado") -> Não encontrado
A43: DAC/A.LES.25.00949 | B43: Alteração de Carga | C43: 46169 | D43: Liberado para Execução | E43: PIE | F43: 16211084 | G43: 353ET001334 | H43: 46169.021 | I43: 46169.188 | J43: Start Engenharia (Área 8B, 9 e 11) NEC | K43: =_xlfn.XLOOKUP(G:G,Planilha1!A:A,Planilha1!C:C,"NÃO ENCONTRADO") -> -46.6048177227408 | L43: =_xlfn.XLOOKUP(G:G,Planilha1!A:A,Planilha1!D:D,"Não encontrado") -> -23.5316831626612
A44: DAC/A.LES.26.00592 | B44: Ligação Nova | C44: 46169 | D44: Liberado para Execução | E44: OLVR | G44: 356ET160245 | H44: 46169.417 | I44: 46169.625 | J44: Start Engenharia (Área 8B, 9 e 11) NEC | K44: =_xlfn.XLOOKUP(G:G,Planilha1!A:A,Planilha1!C:C,"NÃO ENCONTRADO") -> -46.4668133916949 | L44: =_xlfn.XLOOKUP(G:G,Planilha1!A:A,Planilha1!D:D,"Não encontrado") -> -23.6213392795459
A45: DAC/A.LES.24.00451 | B45: Ligação Nova | C45: 46170 | D45: Rascunho | E45: FI | G45: RA-155601 | H45: 46137.396 | I45: 46137.542 | J45: Start Engenharia (Área 8B, 9 e 11) NEC | K45: =_xlfn.XLOOKUP(G:G,Planilha1!A:A,Planilha1!C:C,"NÃO ENCONTRADO") -> NÃO ENCONTRADO | L45: =_xlfn.XLOOKUP(G:G,Planilha1!A:A,Planilha1!D:D,"Não encontrado") -> Não encontrado
A46: DAC/A.LES.25.00860 | B46: Alteração de Carga | C46: 46170 | D46: Rascunho | E46: FI | G46: CH-018884 | H46: 46144.417 | I46: 46144.625 | J46: Start Engenharia (Área 8B, 9 e 11) NEC | K46: =_xlfn.XLOOKUP(G:G,Planilha1!A:A,Planilha1!C:C,"NÃO ENCONTRADO") -> NÃO ENCONTRADO | L46: =_xlfn.XLOOKUP(G:G,Planilha1!A:A,Planilha1!D:D,"Não encontrado") -> Não encontrado
A47: DAC/A.LES.25.01136 | B47: Ligação Provisória | C47: 46170 | D47: Liberado para Execução | E47: PIE | F47: 16213883 | G47: 353EP007399 | H47: 46170.021 | I47: 46170.188 | J47: Start Engenharia (Área 8B, 9 e 11) NEC | K47: =_xlfn.XLOOKUP(G:G,Planilha1!A:A,Planilha1!C:C,"NÃO ENCONTRADO") -> NÃO ENCONTRADO | L47: =_xlfn.XLOOKUP(G:G,Planilha1!A:A,Planilha1!D:D,"Não encontrado") -> Não encontrado
A48: DMP/A.LES.21.28304 | B48: Reforma de Rede Secundária | C48: 46170 | D48: Liberado para Execução | E48: FI | F48: 16202563 | G48: 356ET160703 | H48: 46170.417 | I48: 46170.542 | J48: Engelmig (Área 11) NEC e UPS | K48: =_xlfn.XLOOKUP(G:G,Planilha1!A:A,Planilha1!C:C,"NÃO ENCONTRADO") -> -46.3950934363433 | L48: =_xlfn.XLOOKUP(G:G,Planilha1!A:A,Planilha1!D:D,"Não encontrado") -> -23.5738468309506
A49: DMP/A.LES.22.07343 | B49: Reforma de Rede Secundária | C49: 46170 | D49: Liberado para Execução | E49: FI | F49: 16202294 | G49: 356ET092111 | H49: 46170.458 | I49: 46170.625 | J49: Engelmig (Área 11) NEC e UPS | K49: =_xlfn.XLOOKUP(G:G,Planilha1!A:A,Planilha1!C:C,"NÃO ENCONTRADO") -> -46.4291042065511 | L49: =_xlfn.XLOOKUP(G:G,Planilha1!A:A,Planilha1!D:D,"Não encontrado") -> -23.542246498582
A50: DMP/A.LES.25.00989 | B50: Rede Compacta | C50: 46170 | D50: Liberado para Execução | E50: FI | F50: 16201850 | G50: 015ET060859 | H50: 46170.417 | I50: 46170.583 | J50: Start Engenharia (Área 8B, 9 e 11) NEC | K50: =_xlfn.XLOOKUP(G:G,Planilha1!A:A,Planilha1!C:C,"NÃO ENCONTRADO") -> -46.4662060215764 | L50: =_xlfn.XLOOKUP(G:G,Planilha1!A:A,Planilha1!D:D,"Não encontrado") -> -23.6556480105653
A51: DAC/A.LES.25.00067 | B51: Alteração de Carga | C51: 46170 | D51: Liberado para Execução | E51: FI | F51: 16202446 | G51: BF-054683 | H51: 46170.438 | I51: 46170.604 | J51: Alpitel Energy (Área 7, 8A e 10) NEC | K51: =_xlfn.XLOOKUP(G:G,Planilha1!A:A,Planilha1!C:C,"NÃO ENCONTRADO") -> NÃO ENCONTRADO | L51: =_xlfn.XLOOKUP(G:G,Planilha1!A:A,Planilha1!D:D,"Não encontrado") -> Não encontrado
A52: DAC/A.LES.25.01181 | B52: Ligação Nova | C52: 46170 | D52: Liberado para Execução | E52: FI | F52: 16208068 | G52: 353ET008536 | H52: 46170.417 | I52: 46170.583 | J52: Conecta Obras Extras (Área 8B, 9 e 11) NEC | K52: =_xlfn.XLOOKUP(G:G,Planilha1!A:A,Planilha1!C:C,"NÃO ENCONTRADO") -> -46.5287562193711 | L52: =_xlfn.XLOOKUP(G:G,Planilha1!A:A,Planilha1!D:D,"Não encontrado") -> -23.5342280854223
A53: DAC/A.LES.25.01046 | B53: Ligação Nova | C53: 46170 | D53: Liberado para Execução | E53: PIE | F53: 16218786 | G53: 010ET030822 | H53: 46170.417 | I53: 46170.583 | J53: Conecta Obras Extras (Área 8B, 9 e 11) NEC | K53: =_xlfn.XLOOKUP(G:G,Planilha1!A:A,Planilha1!C:C,"NÃO ENCONTRADO") -> -46.5050439290418 | L53: =_xlfn.XLOOKUP(G:G,Planilha1!A:A,Planilha1!D:D,"Não encontrado") -> -23.7006861590261
A54: DAC/A.LES.25.01025 | B54: Ligação Nova | C54: 46170 | D54: Liberado para Execução | E54: FI | F54: 16239271 | G54: 010IP013776 | H54: 46170.375 | I54: 46170.5 | J54: Start Engenharia (Área 8B, 9 e 11) NEC | K54: =_xlfn.XLOOKUP(G:G,Planilha1!A:A,Planilha1!C:C,"NÃO ENCONTRADO") -> -46.5266373318863 | L54: =_xlfn.XLOOKUP(G:G,Planilha1!A:A,Planilha1!D:D,"Não encontrado") -> -23.6743322635973
A55: DAC/A.LES.25.01043 | B55: Ligação Provisória | C55: 46171 | D55: Liberado para Execução | E55: FI | F55: 16213250 | G55: 356ET062886 | H55: 46171.042 | I55: 46171.167 | J55: Start Engenharia (Área 8B, 9 e 11) NEC | K55: =_xlfn.XLOOKUP(G:G,Planilha1!A:A,Planilha1!C:C,"NÃO ENCONTRADO") -> -46.4662014498699 | L55: =_xlfn.XLOOKUP(G:G,Planilha1!A:A,Planilha1!D:D,"Não encontrado") -> -23.5627714922052
A56: DMP/A.LES.22.05349 | B56: Reforma de Rede Secundária | C56: 46171 | D56: Liberado para Execução | E56: FI | F56: 16211886 | G56: 356ET068146 | H56: 46171.396 | I56: 46171.521 | J56: Engelmig (Área 11) NEC e UPS | K56: =_xlfn.XLOOKUP(G:G,Planilha1!A:A,Planilha1!C:C,"NÃO ENCONTRADO") -> -46.4009988827123 | L56: =_xlfn.XLOOKUP(G:G,Planilha1!A:A,Planilha1!D:D,"Não encontrado") -> -23.5462649201632
A57: DMP/A.LES.22.01006 | B57: Reforma de Rede Secundária | C57: 46171 | D57: Liberado para Execução | E57: FI | F57: 16211254 | G57: 356ET027517 | H57: 46171.542 | I57: 46171.667 | J57: Engelmig (Área 11) NEC e UPS | K57: =_xlfn.XLOOKUP(G:G,Planilha1!A:A,Planilha1!C:C,"NÃO ENCONTRADO") -> -46.4347743311141 | L57: =_xlfn.XLOOKUP(G:G,Planilha1!A:A,Planilha1!D:D,"Não encontrado") -> -23.5211143920738
A58: DMP/A.LES.22.05564 | B58: Reforma de Rede Secundária | C58: 46171 | D58: Liberado para Execução | E58: FI | F58: 16209031 | G58: 352ET161565 | H58: 46171.417 | I58: 46171.5 | J58: Engelmig (Área 11) NEC e UPS | K58: =_xlfn.XLOOKUP(G:G,Planilha1!A:A,Planilha1!C:C,"NÃO ENCONTRADO") -> -46.4871814294464 | L58: =_xlfn.XLOOKUP(G:G,Planilha1!A:A,Planilha1!D:D,"Não encontrado") -> -23.4943898341442
A59: DMP/A.LES.22.05355 | B59: Reforma de Rede Secundária | C59: 46171 | D59: Liberado para Execução | E59: OLVR | G59: 356ET167607 | H59: 46171.354 | I59: 46171.667 | J59: Engelmig (Área 11) NEC e UPS | K59: =_xlfn.XLOOKUP(G:G,Planilha1!A:A,Planilha1!C:C,"NÃO ENCONTRADO") -> -46.3862753917061 | L59: =_xlfn.XLOOKUP(G:G,Planilha1!A:A,Planilha1!D:D,"Não encontrado") -> -23.5820074715776
A60: DAC/A.LES.23.01111 | B60: Ligação Nova | C60: 46171 | D60: Liberado para Execução | E60: FI | F60: 16249399 | G60: 010ET078360 | H60: 46171.417 | I60: 46171.542 | J60: Start Engenharia (Área 8B, 9 e 11) NEC | K60: =_xlfn.XLOOKUP(G:G,Planilha1!A:A,Planilha1!C:C,"NÃO ENCONTRADO") -> -46.5070570069414 | L60: =_xlfn.XLOOKUP(G:G,Planilha1!A:A,Planilha1!D:D,"Não encontrado") -> -23.6651215940464
A61: DAC/A.ABC.26.00020 | B61: Ligação Nova | C61: 46171 | D61: Liberado para Execução | E61: FI | F61: 16205368 | G61: 010ET042048 | H61: 46171.583 | I61: 46171.708 | J61: Start Engenharia (Área 8B, 9 e 11) NEC | K61: =_xlfn.XLOOKUP(G:G,Planilha1!A:A,Planilha1!C:C,"NÃO ENCONTRADO") -> -46.5054727491826 | L61: =_xlfn.XLOOKUP(G:G,Planilha1!A:A,Planilha1!D:D,"Não encontrado") -> -23.6722266991872
A62: DAC/A.LES.26.00112 | B62: Ligação Provisória | C62: 46171 | D62: Liberado para Execução | E62: FI | F62: 16212282 | G62: 353ET003265 | H62: 46171.417 | I62: 46171.583 | J62: Start Engenharia (Área 8B, 9 e 11) NEC | K62: =_xlfn.XLOOKUP(G:G,Planilha1!A:A,Planilha1!C:C,"NÃO ENCONTRADO") -> -46.5407502501696 | L62: =_xlfn.XLOOKUP(G:G,Planilha1!A:A,Planilha1!D:D,"Não encontrado") -> -23.5373956468628
A63: DAC/A.LES.25.01167 | B63: Ligação Nova | C63: 46171 | D63: Liberado para Execução | E63: FI | F63: 16203218 | G63: 020ET003359 | H63: 46171.396 | I63: 46171.562 | J63: Start Engenharia (Área 8B, 9 e 11) NEC | K63: =_xlfn.XLOOKUP(G:G,Planilha1!A:A,Planilha1!C:C,"NÃO ENCONTRADO") -> -46.4109874285733 | L63: =_xlfn.XLOOKUP(G:G,Planilha1!A:A,Planilha1!D:D,"Não encontrado") -> -23.7091942445356
A64: DMP/A.LES.24.02780 | B64: Reforma de Rede Secundária | C64: 46171 | D64: Liberado para Execução | E64: FI | F64: 16213963 | G64: 356ET160468 | H64: 46171.604 | I64: 46171.688 | J64: Start Engenharia (Área 8B, 9 e 11) NEC | K64: =_xlfn.XLOOKUP(G:G,Planilha1!A:A,Planilha1!C:C,"NÃO ENCONTRADO") -> -46.4470252636491 | L64: =_xlfn.XLOOKUP(G:G,Planilha1!A:A,Planilha1!D:D,"Não encontrado") -> -23.6062089028474
A65: DAC/A.LES.25.01126 | B65: Alteração de Carga | C65: 46171 | D65: Liberado para Execução | E65: FI | F65: 16212420 | G65: 352ET166646 | H65: 46171.417 | I65: 46171.542 | J65: Start Engenharia (Área 8B, 9 e 11) NEC | K65: =_xlfn.XLOOKUP(G:G,Planilha1!A:A,Planilha1!C:C,"NÃO ENCONTRADO") -> -46.4858394687558 | L65: =_xlfn.XLOOKUP(G:G,Planilha1!A:A,Planilha1!D:D,"Não encontrado") -> -23.4973747621775
A66: DAC/A.LES.26.00521 | B66: Ligação Nova | C66: 46171 | D66: Liberado para Execução | E66: FI | F66: 16211997 | G66: 352ET030798 | H66: 46171.583 | I66: 46171.667 | J66: Start Engenharia (Área 8B, 9 e 11) NEC | K66: =_xlfn.XLOOKUP(G:G,Planilha1!A:A,Planilha1!C:C,"NÃO ENCONTRADO") -> -46.4811690969839 | L66: =_xlfn.XLOOKUP(G:G,Planilha1!A:A,Planilha1!D:D,"Não encontrado") -> -23.5180085403588
A67: DAC/A.LES.23.00238 | B67: Alteração de Carga | C67: 46171 | D67: Liberado para Execução | E67: FI | F67: 16207850 | G67: 352ET092649 | H67: 46171.375 | I67: 46171.5 | J67: Start Engenharia (Área 8B, 9 e 11) NEC | K67: =_xlfn.XLOOKUP(G:G,Planilha1!A:A,Planilha1!C:C,"NÃO ENCONTRADO") -> -46.4466626804666 | L67: =_xlfn.XLOOKUP(G:G,Planilha1!A:A,Planilha1!D:D,"Não encontrado") -> -23.5095729833238
A68: DAC/A.LES.25.01121 | B68: Ligação Nova | C68: 46171 | D68: Liberado para Documentação | E68: BRA | G68: 020ET058647 | H68: 46171.542 | I68: 46171.667 | J68: Start Engenharia (Área 8B, 9 e 11) NEC | K68: =_xlfn.XLOOKUP(G:G,Planilha1!A:A,Planilha1!C:C,"NÃO ENCONTRADO") -> -46.3680742214692 | L68: =_xlfn.XLOOKUP(G:G,Planilha1!A:A,Planilha1!D:D,"Não encontrado") -> -23.6819658878421
A69: DAC/A.LES.26.00029 | B69: Alteração de Carga | C69: 46171 | D69: Liberado para Execução | E69: FI | F69: 16212129 | G69: 352ET084845 | H69: 46171.375 | I69: 46171.542 | J69: Start Engenharia (Área 8B, 9 e 11) NEC | K69: =_xlfn.XLOOKUP(G:G,Planilha1!A:A,Planilha1!C:C,"NÃO ENCONTRADO") -> -46.3792199028022 | L69: =_xlfn.XLOOKUP(G:G,Planilha1!A:A,Planilha1!D:D,"Não encontrado") -> -23.4852162632176
A70: DAC/A.LES.25.01253 | B70: Ligação Nova | C70: 46171 | D70: Pendente de Aprovação | E70: OLVR | G70: 352ET162453 | H70: 46171.417 | I70: 46171.625 | J70: Start Engenharia (Área 8B, 9 e 11) NEC | K70: =_xlfn.XLOOKUP(G:G,Planilha1!A:A,Planilha1!C:C,"NÃO ENCONTRADO") -> -46.4431665004944 | L70: =_xlfn.XLOOKUP(G:G,Planilha1!A:A,Planilha1!D:D,"Não encontrado") -> -23.5185551261628
A71: DMP/A.LES.24.01600 | B71: Regulador de Tensão | C71: 46171 | D71: Pendente de Aprovação | E71: BRA | G71: 015CF036028 | H71: 46168.375 | I71: 46168.667 | J71: ZZOUT-PSC Alpitel Área 9 | K71: =_xlfn.XLOOKUP(G:G,Planilha1!A:A,Planilha1!C:C,"NÃO ENCONTRADO") -> -46.4631109377729 | L71: =_xlfn.XLOOKUP(G:G,Planilha1!A:A,Planilha1!D:D,"Não encontrado") -> -23.6655534777939
A72: DAC/A.LES.26.00353 | B72: Alteração de Carga | C72: 46172 | D72: Rascunho | E72: FI | G72: 010ET022709 | H72: 46172.417 | I72: 46172.583 | J72: Start Engenharia (Área 8B, 9 e 11) NEC | K72: =_xlfn.XLOOKUP(G:G,Planilha1!A:A,Planilha1!C:C,"NÃO ENCONTRADO") -> -46.4819300191382 | L72: =_xlfn.XLOOKUP(G:G,Planilha1!A:A,Planilha1!D:D,"Não encontrado") -> -23.6738534642559
A73: DAC/A.LES.25.01220 | B73: Ligação Nova | C73: 46172 | D73: Liberado para Execução | E73: PIE | F73: 16236442 | G73: 352ET023358 | H73: 46172.417 | I73: 46172.583 | J73: Start Engenharia (Área 8B, 9 e 11) NEC | K73: =_xlfn.XLOOKUP(G:G,Planilha1!A:A,Planilha1!C:C,"NÃO ENCONTRADO") -> -46.3912516934634 | L73: =_xlfn.XLOOKUP(G:G,Planilha1!A:A,Planilha1!D:D,"Não encontrado") -> -23.5138847544569
A74: DAC/A.LES.25.01100 | B74: Ligação Nova | C74: 46172 | D74: Liberado para Execução | E74: PIE | F74: 16236442 | G74: 352ET023358 | H74: 46172.417 | I74: 46172.583 | J74: Start Engenharia (Área 8B, 9 e 11) NEC | K74: =_xlfn.XLOOKUP(G:G,Planilha1!A:A,Planilha1!C:C,"NÃO ENCONTRADO") -> -46.3912516934634 | L74: =_xlfn.XLOOKUP(G:G,Planilha1!A:A,Planilha1!D:D,"Não encontrado") -> -23.5138847544569
A75: DAC/A.LES.26.00361 | B75: Ligação Nova | C75: 46172 | D75: Liberado para Execução | E75: FI | F75: 16213400 | G75: 015ET229341 | H75: 46172.417 | I75: 46172.583 | J75: Start Engenharia (Área 8B, 9 e 11) NEC | K75: =_xlfn.XLOOKUP(G:G,Planilha1!A:A,Planilha1!C:C,"NÃO ENCONTRADO") -> -46.493780548184 | L75: =_xlfn.XLOOKUP(G:G,Planilha1!A:A,Planilha1!D:D,"Não encontrado") -> -23.6564226719827
A76: DAC/A.LES.25.00113 | B76: Alteração de Carga | C76: 46172 | D76: Liberado para Documentação | E76: PIE | G76: 353ET048774 | H76: 46172.417 | I76: 46172.583 | J76: Start Engenharia (Área 8B, 9 e 11) NEC | K76: =_xlfn.XLOOKUP(G:G,Planilha1!A:A,Planilha1!C:C,"NÃO ENCONTRADO") -> -46.5473257407584 | L76: =_xlfn.XLOOKUP(G:G,Planilha1!A:A,Planilha1!D:D,"Não encontrado") -> -23.5285926730342
A77: DAC/A.LES.25.00115 | B77: Alteração de Carga | C77: 46172 | D77: Liberado para Documentação | E77: PIE | G77: 353ET001665 | H77: 46172.417 | I77: 46172.583 | J77: Start Engenharia (Área 8B, 9 e 11) NEC | K77: =_xlfn.XLOOKUP(G:G,Planilha1!A:A,Planilha1!C:C,"NÃO ENCONTRADO") -> -46.5465392112903 | L77: =_xlfn.XLOOKUP(G:G,Planilha1!A:A,Planilha1!D:D,"Não encontrado") -> -23.5306306565074
A78: DAC/A.LES.25.00101 | B78: Alteração de Carga | C78: 46172 | D78: Liberado para Documentação | E78: PIE | G78: 353ET007628 | H78: 46172.417 | I78: 46172.583 | J78: Start Engenharia (Área 8B, 9 e 11) NEC | K78: =_xlfn.XLOOKUP(G:G,Planilha1!A:A,Planilha1!C:C,"NÃO ENCONTRADO") -> -46.5455445916445 | L78: =_xlfn.XLOOKUP(G:G,Planilha1!A:A,Planilha1!D:D,"Não encontrado") -> -23.5309469462084
A79: DAC/A.LES.25.00177 | B79: Alteração de Carga | C79: 46172 | D79: Liberado para Execução | E79: FI | F79: 16215320 | G79: 356ET093049 | H79: 46172.417 | I79: 46172.583 | J79: Conecta Obras Extras (Área 8B, 9 e 11) NEC | K79: =_xlfn.XLOOKUP(G:G,Planilha1!A:A,Planilha1!C:C,"NÃO ENCONTRADO") -> -46.40937237873 | L79: =_xlfn.XLOOKUP(G:G,Planilha1!A:A,Planilha1!D:D,"Não encontrado") -> -23.5905434665353
A80: DAC/A.LES.25.00712 | B80: Ligação Nova | C80: 46172 | D80: Liberado para Execução | E80: PIE | F80: DEVOLVIDO | G80: 353ET004324 | H80: 46172.021 | I80: 46172.188 | J80: Start Engenharia (Área 8B, 9 e 11) NEC | K80: =_xlfn.XLOOKUP(G:G,Planilha1!A:A,Planilha1!C:C,"NÃO ENCONTRADO") -> -46.5574823610862 | L80: =_xlfn.XLOOKUP(G:G,Planilha1!A:A,Planilha1!D:D,"Não encontrado") -> -23.5417176675758
A81: DAC/A.LES.25.00059 | B81: Remoção de Posto Primário | C81: 46172 | D81: Liberado para Execução | E81: FI | F81: DEVOLVIDO | G81: 356ET036324 | H81: 46172.396 | I81: 46172.562 | J81: ZZOUT-PSC Alpitel Área 9 | K81: =_xlfn.XLOOKUP(G:G,Planilha1!A:A,Planilha1!C:C,"NÃO ENCONTRADO") -> -46.422475330327 | L81: =_xlfn.XLOOKUP(G:G,Planilha1!A:A,Planilha1!D:D,"Não encontrado") -> -23.5491861929051
A82: DAC/A.LES.25.00060 | B82: Remoção de Posto Primário | C82: 46172 | D82: Liberado para Execução | E82: FI | F82: DEVOLVIDO | G82: 356ET036324 | H82: 46172.396 | I82: 46172.562 | J82: ZZOUT-PSC Alpitel Área 9 | K82: =_xlfn.XLOOKUP(G:G,Planilha1!A:A,Planilha1!C:C,"NÃO ENCONTRADO") -> -46.422475330327 | L82: =_xlfn.XLOOKUP(G:G,Planilha1!A:A,Planilha1!D:D,"Não encontrado") -> -23.5491861929051
A83: DAC/A.LES.25.00062 | B83: Remoção de Posto Primário | C83: 46172 | D83: Liberado para Execução | E83: FI | F83: DEVOLVIDO | G83: 356ET036324 | H83: 46172.396 | I83: 46172.562 | J83: ZZOUT-PSC Alpitel Área 9 | K83: =_xlfn.XLOOKUP(G:G,Planilha1!A:A,Planilha1!C:C,"NÃO ENCONTRADO") -> -46.422475330327 | L83: =_xlfn.XLOOKUP(G:G,Planilha1!A:A,Planilha1!D:D,"Não encontrado") -> -23.5491861929051

Sheet Planilha1
A1: Numero de Campo | B1: Identificador do Circuito | C1: Localização X (Longitude) | D1: Localização Y (Latitude)
A2: 010BF000180 | B2: UTI 0103 | C2: -46.5323341628012 | D2: -23.6349734314998
A3: 010BF000304 | B3: SND 0102 | C3: -46.5227286861687 | D3: -23.6502573896589
A4: 010BF000347 | B4: CAP 0105 | C4: -46.5094462448598 | D4: -23.679703688558
A5: 010BF000440 | B5: RPI 0102 | C5: -46.3453730456144 | D5: -23.7540352045616
A6: 010BF000441 | B6: RPI 0102 | C6: -46.3481815913462 | D6: -23.7440347597098
A7: 010BF000550 | B7: RGR 0105 | C7: -46.482861514251 | D7: -23.7300736120424
A8: 010BF000637 | B8: SIL 0105 | C8: -46.5469526176571 | D8: -23.6632411737624
A9: 010BF000644 | B9: SIL 0105 | C9: -46.5517714525228 | D9: -23.6667196377997
A10: 010BF000803 | B10: VIT 0108 | C10: -46.5103391396577 | D10: -23.7148838772204
A11: 010BF000822 | B11: VIT 0112 | C11: -46.5166852260199 | D11: -23.6846039823967
A12: 010BF000888 | B12: SND 0103 | C12: -46.517535252496 | D12: -23.6738224441463
... A44222: 356ET166800 | B44222: GNA 0111 | C44222: -46.4394788158636 | D44222: -23.6102363598073
A44223: 356ET166801 | C44223: -46.4366049026648 | D44223: -23.6106089564448
A44224: 356ET166802 | B44224: GNA 0111 | C44224: -46.4383142545894 | D44224: -23.6114231462435
A44225: 356ET166803 | B44225: GNA 0111 | C44225: -46.4377489424643 | D44225: -23.6117894352906
A44226: 356ET166804 | B44226: GNA 0111 | C44226: -46.4358799731482 | D44226: -23.61123915124
A44227: 356ET166805 | B44227: GNA 0111 | C44227: -46.4368016022182 | D44227: -23.6119758439277
A44228: 356ET166806 | B44228: ITR 0106 | C44228: -46.4487821936926 | D44228: -23.5522741035001
A44229: 356ET166808 | B44229: ITR 0115 | C44229: -46.4313158314552 | D44229: -23.5242179158237
A44230: 356ET166810 | B44230: GNA 0107 | C44230: -46.4226047503026 | D44230: -23.6146068084475
A44231: 356ET166812 | B44231: ITN 0111 | C44231: -46.4178850105285 | D44231: -23.5271161455846
A44232: 356ET166813 | B44232: ITN 0103 | C44232: -46.4182496078661 | D44232: -23.5261344111044
A44233: 356ET166814 | B44233: ITN 0103 | C44233: -46.4184106615994 | D44233: -23.5241550762775
A44234: 356ET166820 | B44234: GNA 0103 | C44234: -46.4531484059656 | D44234: -23.5735515821959
A44235: 356ET166821 | B44235: TIR 0109 | C44235: -46.4229220418284 | D44235: -23.5577129668694
... A44254: 356ET166876 | B44254: GNA 0111 | C44254: -46.4320840886886 | D44254: -23.6134240065915
A44255: 356ET166877 | C44255: -46.4321524700777 | D44255: -23.6149184262674
A44256: 356ET166878 | B44256: GNA 0111 | C44256: -46.4313712898767 | D44256: -23.6152826212901
A44257: 356ET166879 | B44257: GNA 0111 | C44257: -46.4308154322592 | D44257: -23.6144199763508
A44258: 356ET166880 | B44258: GNA 0111 | C44258: -46.4346410891568 | D44258: -23.6148301477518
A44259: 356ET166881 | B44259: GNA 0111 | C44259: -46.4334525272303 | D44259: -23.6147103646305
A44260: 356ET166882 | B44260: GNA 0111 | C44260: -46.4357967303602 | D44260: -23.6149686490886
A44261: 356ET166883 | B44261: GNA 0111 | C44261: -46.4319087706515 | D44261: -23.616221201915
A44262: 356ET166884 | B44262: GNA 0111 | C44262: -46.4328817914851 | D44262: -23.6165361556525
A44263: 356ET166885 | B44263: GNA 0111 | C44263: -46.4324021799135 | D44263: -23.6155844014959
A44264: 356ET166886 | B44264: GNA 0111 | C44264: -46.4337050460296 | D44264: -23.6141296991727
A44265: 356ET166887 | B44265: GNA 0111 | C44265: -46.4343453729941 | D44265: -23.6142512973903
A44266: 356ET166888 | B44266: GNA 0111 | C44266: -46.4349317760301 | D44266: -23.6142629447924
A44267: 356ET166889 | B44267: GNA 0111 | C44267: -46.4355223472483 | D44267: -23.6140724420821
... A46561: DBAI-IB-B88-CS2001 | B46561: RAE BAI 1 | C46561: -46.5180298933997 | D46561: -23.513308624209
A46562: DBAR-CB-C_9-CS2055 | C46562: -46.396441985292 | D46562: -23.5145549915768
A46563: DBAR-CB-C_9-DJ9 | B46563: DBAR-EQ-TR1 | C46563: -46.396441985292 | D46563: -23.5145549915768
A46564: DBAR-CB-C10-CS2056 | B46564: DBAR-EQ-TR2 | C46564: -46.396441985292 | D46564: -23.5145549915768
A46565: DBAR-CB-C10-DJ10 | B46565: DBAR-EQ-TR2 | C46565: -46.396441985292 | D46565: -23.5145549915768
A46566: DBAR-CB-C11-CS2077 | B46566: DBAR-EQ-TR1 | C46566: -46.396441985292 | D46566: -23.5145549915768
A46567: DBAR-CB-C11-DJ11 | B46567: DBAR-EQ-TR1 | C46567: -46.396441985292 | D46567: -23.5145549915768
A46568: DBAR-CB-C12-CS2078 | B46568: DBAR-EQ-TR2 | C46568: -46.396441985292 | D46568: -23.5145549915768
A46569: DBAR-CB-C12-DJ12 | B46569: DBAR-EQ-TR2 | C46569: -46.396441985292 | D46569: -23.5145549915768
A46570: DBAR-CC-C13-DJ13 | B46570: BAR 0101, DBAR-EQ-TR1 | C46570: -46.396441985292 | D46570: -23.5145549915768
A46571: DBAR-CC-C14-DJ14 | B46571: BAR 0102, DBAR-EQ-TR1 | C46571: -46.396441985292 | D46571: -23.5145549915768
A46572: DBAR-CC-C15-DJ15 | B46572: BAR 0112, DBAR-EQ-TR1 | C46572: -46.396441985292 | D46572: -23.5145549915768
A46573: DBAR-CC-C16-DJ16 | B46573: BAR 0114, DBAR-EQ-TR1 | C46573: -46.396441985292 | D46573: -23.5145549915768
A46574: DBAR-CC-C17-DJ17 | B46574: BAR 0105, DBAR-EQ-TR2 | C46574: -46.396441985292 | D46574: -23.5145549915768
... A46596: DBRA_DPSO | B46596: LTS PSO-BRA | C46596: -46.6101990127003 | D46596: -23.541776907112
A46597: DBRA-CB-C_9-CS4241 | C46597: -46.6100675408949 | D46597: -23.5418953920311
A46598: DBRA-CB-C_9-DJ9 | B46598: DBRA-EQ-TR1 | C46598: -46.6100675408949 | D46598: -23.5418953920311
A46599: DBRA-CB-C10-CS4240 | B46599: DBRA-EQ-TR2 | C46599: -46.6100675408949 | D46599: -23.5418953920311
A46600: DBRA-CB-C10-DJ10 | B46600: DBRA-EQ-TR2 | C46600: -46.6100675408949 | D46600: -23.5418953920311
A46601: DBRA-CB-C11-CS8727 | B46601: DBRA-EQ-TR1 | C46601: -46.6100675408949 | D46601: -23.5418953920311
A46602: DBRA-CB-C11-DJ11 | B46602: DBRA-EQ-TR1 | C46602: -46.6100675408949 | D46602: -23.5418953920311
A46603: DBRA-CB-C12-CS8728 | C46603: -46.6100675408949 | D46603: -23.5418953920311
A46604: DBRA-CB-C12-DJ12 | B46604: DBRA-EQ-TR2 | C46604: -46.6100675408949 | D46604: -23.5418953920311
A46605: DBRA-CC-C13-DJ13 | B46605: BRA 0101, DBRA-EQ-TR1 | C46605: -46.6100675408949 | D46605: -23.5418953920311
A46606: DBRA-CC-C14-DJ14 | B46606: BRA 0109, DBRA-EQ-TR1 | C46606: -46.6100675408949 | D46606: -23.5418953920311
A46607: DBRA-CC-C15-DJ15 | B46607: BRA 0110, DBRA-EQ-TR1 | C46607: -46.6100675408949 | D46607: -23.5418953920311
A46608: DBRA-CC-C16-DJ16 | B46608: BRA 0111, DBRA-EQ-TR1 | C46608: -46.6100675408949 | D46608: -23.5418953920311
A46609: DBRA-CC-C17-DJ17 | B46609: BRA 0112, DBRA-EQ-TR2 | C46609: -46.6100675408949 | D46609: -23.5418953920311
A46610: DBRA-CC-C18-DJ18 | B46610: BRA 0103, DBRA-EQ-TR2 | C46610: -46.6100675408949 | D46610: -23.5418953920311
A46611: DBRA-CC-C19-DJ19 | B46611: BRA 0107, DBRA-EQ-TR2 | C46611: -46.6100675408949 | D46611: -23.5418953920311
A46612: DBRA-CC-C20-DJ20 | B46612: BRA 0115, DBRA-EQ-TR2 | C46612: -46.6100675408949 | D46612: -23.5418953920311
A46613: DBRA-CC-C21-DJ21 | B46613: BRA 0102, DBRA-EQ-TR1 | C46613: -46.6100675408949 | D46613: -23.5418953920311
A46614: DBRA-CC-C22-DJ22 | B46614: BRA 0104, DBRA-EQ-TR1 | C46614: -46.6100675408949 | D46614: -23.5418953920311
A46615: DBRA-CC-C23-DJ23 | B46615: BRA 0106, DBRA-EQ-TR1 | C46615: -46.6100675408949 | D46615: -23.5418953920311
... A46808: DCRA-CB-C_9-DJ9 | B46808: DCRA-EQ-TR1 | C46808: -46.5154796964262 | D46808: -23.5582610216319
A46809: DCRA-CB-C10-CS8658 | C46809: -46.5154796964262 | D46809: -23.5582610216319
A46810: DCRA-CB-C10-DJ10 | B46810: DCRA-EQ-TR2 | C46810: -46.5154796964262 | D46810: -23.5582610216319
A46811: DCRA-CB-C11-CS8661 | B46811: DCRA-EQ-TR1 | C46811: -46.5154796964262 | D46811: -23.5582610216319
A46812: DCRA-CB-C11-DJ11 | B46812: DCRA-EQ-TR1 | C46812: -46.5154796964262 | D46812: -23.5582610216319
A46813: DCRA-CB-C12-CS8660 | C46813: -46.5154796964262 | D46813: -23.5582610216319
A46814: DCRA-CB-C12-DJ12 | B46814: DCRA-EQ-TR2 | C46814: -46.5154796964262 | D46814: -23.5582610216319
A46815: DCRA-CC-C13-DJ13 | B46815: CRA 0101, DCRA-EQ-TR1 | C46815: -46.5154796964262 | D46815: -23.5582610216319
A46816: DCRA-CC-C14-DJ14 | B46816: CRA 0108, DCRA-EQ-TR1 | C46816: -46.5154796964262 | D46816: -23.5582610216319
A46817: DCRA-CC-C15-DJ15 | B46817: CRA 0112, DCRA-EQ-TR1 | C46817: -46.5154796964262 | D46817: -23.5582610216319
A46818: DCRA-CC-C16-DJ16 | B46818: CRA 0114, DCRA-EQ-TR1 | C46818: -46.5154796964262 | D46818: -23.5582610216319
A46819: DCRA-CC-C17-DJ17 | B46819: CRA 0109, DCRA-EQ-TR2 | C46819: -46.5154796964262 | D46819: -23.5582610216319
A46820: DCRA-CC-C18-DJ18 | B46820: CRA 0104, DCRA-EQ-TR2 | C46820: -46.5154796964262 | D46820: -23.5582610216319
A46821: DCRA-CC-C19-DJ19 | B46821: CRA 0106, DCRA-EQ-TR2 | C46821: -46.5154796964262 | D46821: -23.5582610216319
A46822: DCRA-CC-C20-DJ20 | B46822: CRA 0115, DCRA-EQ-TR2 | C46822: -46.5154796964262 | D46822: -23.5582610216319
A46823: DCRA-CC-C21-DJ21 | B46823: CRA 0105, DCRA-EQ-TR1 | C46823: -46.5154796964262 | D46823: -23.5582610216319
A46824: DCRA-CC-C22-DJ22 | B46824: CRA 0107, DCRA-EQ-TR1 | C46824: -46.5154796964262 | D46824: -23.5582610216319
A46825: DCRA-CC-C23-DJ23 | B46825: CRA 0102, DCRA-EQ-TR1 | C46825: -46.5154796964262 | D46825: -23.5582610216319
... A46884: DERM-CT-TR2-CUBL_6 | B46884: DERM-EQ-TR2 | C46884: -46.4839991302721 | D46884: -23.4870681131259
A46885: DERM-EL-RA1-C10581 | C46885: -46.4839991302721 | D46885: -23.4870681131259
A46886: DERM-EL-RA1-DJ1 | C46886: -46.4839991302721 | D46886: -23.4870681131259
A46887: DERM-EL-RA2-C10582 | C46887: -46.4839991302721 | D46887: -23.4870681131259
A46888: DERM-IB-B12-CUBL_7 | B46888: DERM-EQ-TR2, DERM-EQ-TR1 | C46888: -46.4839991302721 | D46888: -23.4870681131259
A46889: DERM-IB-B34-CUBL_8 | B46889: DERM-EQ-TR2, DERM-EQ-TR1 | C46889: -46.4839991302721 | D46889: -23.4870681131259
A46890: DGCA-CB-C14-C11269 | B46890: DGCA-EQ-TR1 | C46890: -46.5572035256465 | D46890: -23.5484389050189
A46891: DGCA-CB-C14-DJ14 | B46891: DGCA-EQ-TR1 | C46891: -46.5572035256465 | D46891: -23.5484389050189
...
